Feature,Importance
PM10 (μg/m3),0.657563941161656
PM2.5 (μg/m3),0.26135525361594275
NO2 (μg/m3),0.08108080522240124
